name,Assist/Turnover Ratio,Assists Per Game,Bench Points per game,Blocks Per Game,Effective FG pct,Fastbreak Points,Field Goal Percentage,Field Goal Percentage Defense,Fouls Per Game,Free Throw Attempts Per Game,Free Throw Percentage,Free Throws Made Per Game,Rebound Margin,Rebounds (Defensive) Per Game,Rebounds (Offensive) Per Game,Rebounds Per Game,Scoring Defense,Scoring Margin,Scoring Offense,Steals Per Game,Three Point Attempts Per Game,Three Point Percentage,Three Point Percentage Defense,Three Pointers Per Game,Turnover Margin,Turnovers Forced Per Game,Turnovers Per Game,Winning Percentage
UConn,1.88,18.5,16.24,5.4,.571,12.62,74.25,39.803,7,19.5,74.25,14.5,8,26.85,11.62,38.47,64.4,17,81.5,6.2,24.0,36.69,31.9,8.8,.9,10.71,9.9,91.2
Virginia,1.86,15.0,17.12,5.0,.486,5.29,63.73,40.554,5,14.0,63.73,8.9,-2,23.79,8.76,32.56,59.7,3,62.9,7.0,18.1,35.77,30.5,6.5,3.9,12.00,8.1,67.6
Iowa,1.85,17.8,17.91,3.9,.528,14.94,77.65,45.827,5,21.2,77.65,16.4,-1,25.67,9.91,35.58,79.1,4,83.2,7.0,18.9,35.15,35.7,6.6,2.4,12.09,9.7,57.6
Northwestern,1.79,15.7,11.22,3.3,.532,6.00,74.82,45.021,12,17.1,74.82,12.8,-2,22.75,8.41,31.16,69.0,4,73.7,6.9,21.1,39.41,35.9,8.3,3.6,12.31,8.8,65.6
Colorado St.,1.79,18.3,17.74,3.1,.555,12.11,75.31,42.684,13,18.2,75.31,13.7,0,25.46,7.71,33.17,67.6,8,76.1,6.4,21.6,34.08,32.7,7.4,1.3,11.51,10.2,71.4
Princeton,1.78,14.6,14.38,1.9,.548,5.69,80.56,44.431,1,16.1,80.56,13.0,1,24.90,8.41,33.31,66.6,10,77.1,6.0,29.4,35.60,32.6,10.5,2.9,11.07,8.2,82.8
BYU,1.74,18.6,33.30,3.0,.551,12.18,73.77,42.630,8,16.1,73.77,11.8,6,27.70,11.94,39.64,69.9,11,81.8,5.9,32.2,34.81,31.8,11.2,.5,11.21,10.7,69.7
Auburn,1.70,18.0,34.06,6.2,.541,13.65,75.19,38.442,7,23.2,75.19,17.5,3,26.59,11.29,37.88,68.0,15,83.3,7.4,22.8,35.23,29.8,8.0,2.3,12.88,10.6,79.4
Gonzaga,1.69,16.6,19.03,4.0,.572,14.44,72.10,40.527,5,19.4,72.10,14.0,7,28.00,10.94,38.94,69.0,15,84.9,6.9,19.3,35.38,33.4,6.8,1.8,11.53,9.8,78.1
Michigan St.,1.67,16.3,17.85,3.9,.515,14.36,70.57,41.228,5,17.6,70.57,12.4,0,24.45,10.18,34.64,65.9,7,73.1,7.2,17.8,35.95,32.8,6.4,2.7,12.48,9.8,57.6
Kentucky,1.65,17.6,32.97,6.3,.574,15.66,77.27,42.940,11,19.7,77.27,15.2,0,27.53,10.03,37.56,79.7,9,89.4,7.7,24.1,41.19,32.6,9.9,1.3,12.00,10.7,71.9
Drake,1.64,15.9,15.47,1.6,.552,10.06,76.01,44.422,5,19.6,76.01,14.9,1,26.47,7.94,34.41,70.5,9,80.5,6.4,23.6,36.69,32.9,8.7,2.6,12.29,9.7,82.4
Tennessee,1.63,16.8,19.06,4.7,.515,12.34,74.93,38.930,7,21.2,74.93,15.9,3,27.12,11.69,38.81,67.9,11,79.5,7.9,25.5,34.19,31.4,8.7,3.1,13.34,10.3,75.0
Kansas,1.62,18.8,11.88,3.9,.537,12.69,72.73,40.385,5,18.6,72.73,13.5,2,27.94,8.03,35.97,68.7,6,75.2,7.3,17.1,32.91,33.2,5.6,.2,11.81,11.6,68.8
Creighton,1.62,17.1,11.12,4.1,.575,9.88,78.13,42.006,0,14.7,78.13,11.5,4,29.62,8.31,37.94,69.7,10,80.5,4.0,29.3,36.10,32.2,10.6,-2.8,7.75,10.6,71.9
Yale,1.61,15.2,15.35,3.3,.530,9.29,70.86,41.473,6,16.2,70.86,11.5,4,27.03,10.06,37.10,66.6,8,75.2,6.0,20.9,34.72,33.2,7.3,1.5,10.94,9.5,71.0
Purdue,1.60,18.4,17.67,3.8,.560,7.39,72.12,41.860,2,25.0,72.12,18.0,10,28.21,12.15,40.36,70.1,13,83.4,5.7,20.4,40.80,31.4,8.3,-1.7,9.76,11.5,87.9
Saint Mary's (CA),1.60,16.2,16.48,3.9,.534,6.27,67.80,39.531,11,16.9,67.80,11.5,12,26.39,13.15,39.55,58.7,15,74.2,6.5,21.5,35.45,31.5,7.6,.7,10.85,10.1,78.8
Marquette,1.59,15.8,15.44,3.2,.551,13.06,71.51,42.443,4,15.6,71.51,11.1,-2,24.03,8.76,32.79,69.7,8,78.3,8.6,24.7,35.83,33.6,8.9,4.8,14.71,9.9,73.5
Duke,1.59,15.4,15.19,3.7,.552,11.34,72.19,43.221,5,20.0,72.19,14.4,5,26.00,10.53,36.53,67.4,12,79.8,6.4,22.1,37.71,32.6,8.3,1.7,11.44,9.7,75.0
Arizona,1.55,18.6,23.18,3.5,.550,16.42,71.87,42.289,5,23.7,71.87,17.0,10,29.39,13.24,42.64,72.2,15,87.9,8.3,21.1,37.12,33.4,7.8,1.5,13.52,12.0,75.8
Col. of Charleston,1.54,15.3,30.03,3.1,.524,9.18,72.03,44.006,3,17.6,72.03,12.6,4,26.76,12.94,39.71,72.5,7,80.5,6.2,30.6,34.46,33.6,10.5,1.6,11.56,9.9,79.4
McNeese,1.54,15.0,25.76,3.4,.558,13.70,69.15,38.496,13,22.0,69.15,15.2,3,24.97,11.15,36.12,61.5,18,80.4,10.4,19.7,38.83,31.4,7.6,6.7,16.45,9.8,90.9
La Salle,1.53,14.7,16.00,3.3,.499,9.36,72.31,44.593,11,15.2,72.31,11.0,-2,24.42,10.18,34.61,73.1,0,72.7,6.3,24.6,34.65,35.2,8.5,1.2,10.82,9.6,48.5
Richmond,1.53,13.2,12.58,2.9,.527,7.42,73.18,40.528,4,15.8,73.18,11.6,-4,27.06,5.70,32.76,66.3,5,71.9,6.7,20.2,36.23,31.4,7.3,2.9,11.55,8.6,69.7
James Madison,1.52,16.4,24.09,3.0,.549,11.00,70.75,41.341,10,21.1,70.75,14.9,5,27.26,11.59,38.85,69.2,15,84.4,9.0,24.0,36.47,28.8,8.8,3.7,14.44,10.8,91.2
South Carolina,1.52,15.4,18.03,3.2,.508,5.06,71.38,42.712,4,18.4,71.38,13.2,3,24.39,11.48,35.88,67.0,5,72.0,4.8,23.8,33.50,33.6,8.0,-0.3,9.76,10.1,78.8
Pittsburgh,1.52,13.7,19.00,4.5,.516,9.79,70.82,43.074,7,18.5,70.82,13.1,3,25.67,11.39,37.06,67.6,7,75.6,6.3,26.9,35.74,30.8,9.6,2.1,11.09,9.0,66.7
Liberty,1.52,15.9,20.03,2.3,.555,6.44,66.10,43.810,5,14.8,66.10,9.8,1,25.25,8.72,33.97,65.5,8,73.8,5.2,27.5,36.82,31.3,10.1,1.2,11.62,10.4,56.2
Nevada,1.51,15.1,16.97,3.6,.536,7.73,72.13,41.739,9,24.8,72.13,17.9,1,25.55,8.91,34.45,67.1,9,76.4,6.2,18.3,36.48,31.8,6.7,1.9,11.91,10.0,78.8
Vermont,1.50,13.7,23.18,3.9,.533,5.97,72.01,40.578,1,16.5,72.01,11.9,1,27.18,7.71,34.88,63.0,9,72.3,5.8,25.2,34.38,31.4,8.7,.9,10.06,9.1,82.4
Utah,1.50,17.4,19.18,4.3,.539,9.18,65.00,42.347,5,17.1,65.00,11.1,2,28.76,10.15,38.91,72.7,5,78.2,5.9,24.7,36.07,34.0,8.9,-1.4,10.21,11.6,58.8
Indiana St.,1.50,17.6,12.54,1.8,.601,10.20,79.97,43.366,8,19.4,79.97,15.5,3,28.54,7.17,35.71,72.6,12,84.9,6.1,28.4,38.47,33.1,10.9,-0.6,11.20,11.8,82.9
New Mexico,1.49,14.8,18.54,5.0,.510,14.80,70.92,42.156,4,21.5,70.92,15.3,4,26.91,12.71,39.63,70.5,11,81.7,8.8,19.7,33.43,30.3,6.6,4.2,14.14,9.9,74.3
Montana,1.49,14.9,19.44,2.9,.552,8.82,79.35,44.604,6,17.1,79.35,13.6,1,25.68,8.29,33.97,71.6,5,77.2,4.8,21.6,35.74,34.3,7.7,-0.2,9.79,10.0,67.6
Cornell,1.49,18.1,36.03,2.6,.572,13.20,72.31,44.092,12,16.7,72.31,12.1,0,25.87,9.57,35.43,74.7,7,82.1,8.3,29.7,34.75,33.3,10.3,1.2,13.40,12.2,73.3
Iowa St.,1.48,15.8,21.65,3.1,.519,10.50,69.68,39.989,9,21.1,69.68,14.7,0,23.21,10.82,34.03,61.3,14,75.6,10.4,18.7,34.85,31.5,6.5,6.9,17.53,10.7,79.4
Hofstra,1.47,15.4,10.00,3.5,.557,6.42,75.30,41.390,12,12.5,75.30,9.4,-2,25.06,7.70,32.76,68.5,5,74.2,6.2,27.0,37.08,34.4,10.0,1.5,11.97,10.4,60.6
Minnesota,1.47,17.5,19.27,4.5,.542,10.64,69.31,44.828,9,19.8,69.31,13.8,1,24.79,10.09,34.88,71.8,3,75.3,6.3,22.3,35.55,36.4,7.9,-1.0,10.94,11.9,57.6
Utah St.,1.47,16.4,18.09,4.1,.548,10.97,71.54,43.618,6,22.8,71.54,16.3,3,26.61,9.70,36.30,70.3,9,79.8,6.8,19.2,33.07,28.6,6.3,.8,11.94,11.2,81.8
Houston,1.46,12.9,17.44,4.7,.497,9.50,69.42,37.890,11,18.2,69.42,12.6,3,23.97,13.68,37.65,57.0,16,73.0,10.0,22.2,34.66,30.0,7.7,7.1,15.94,8.9,88.2
Lipscomb,1.45,14.5,23.03,3.4,.570,10.12,76.74,45.955,5,16.7,76.74,12.8,-1,25.62,7.62,33.25,76.5,5,82.1,6.1,24.4,38.03,35.5,9.3,1.5,11.53,10.0,62.5
Ohio,1.45,14.1,17.21,3.6,.527,11.79,73.03,42.489,9,18.9,73.03,13.8,-1,24.85,10.09,34.94,70.0,7,77.3,7.1,25.1,35.55,33.3,8.9,4.0,13.70,9.7,60.6
Dayton,1.44,14.8,15.65,4.0,.567,7.29,73.41,41.535,3,19.8,73.41,14.5,0,25.55,8.19,33.74,66.3,8,74.7,5.4,23.7,40.19,31.7,9.5,-0.1,10.16,10.2,77.4
Clemson,1.44,14.7,14.34,3.9,.539,6.41,78.96,41.786,10,18.0,78.96,14.2,3,27.22,9.22,36.44,71.3,6,77.4,4.5,23.6,35.36,34.0,8.3,-0.9,9.25,10.2,65.6
St. John's (NY),1.44,15.7,23.88,5.5,.509,11.61,72.77,43.277,9,17.7,72.77,12.9,5,24.33,14.42,38.76,71.9,6,78.8,7.0,21.1,34.05,35.0,7.2,2.0,12.91,10.9,60.6
Colgate,1.43,15.1,24.44,3.5,.539,8.97,68.06,40.805,6,15.5,68.06,10.5,2,27.76,8.15,35.91,63.2,8,71.5,6.4,21.7,36.13,29.8,7.9,.6,11.21,10.6,73.5
Columbia,1.43,17.4,27.33,2.3,.541,12.04,73.17,43.874,3,17.7,73.17,12.9,2,25.89,9.81,35.70,72.4,4,77.0,7.7,22.8,37.50,32.5,8.6,.2,12.44,12.2,48.1
UNCW,1.42,12.2,29.26,2.4,.530,13.00,75.96,44.949,8,20.3,75.96,15.4,0,23.74,10.65,34.39,71.0,8,79.4,6.5,23.9,34.82,35.0,8.3,3.8,12.35,8.6,67.7
San Francisco,1.41,16.3,21.71,3.4,.558,11.47,75.47,42.778,12,14.0,75.47,10.6,3,24.68,9.41,34.09,66.5,11,77.7,8.2,24.3,35.52,33.4,8.6,2.4,13.91,11.5,67.6
Iona,1.41,14.3,20.39,2.9,.500,9.18,65.19,46.048,12,17.2,65.19,11.2,-4,21.39,10.45,31.85,70.6,0,71.3,8.8,23.3,35.29,34.0,8.2,5.0,15.21,10.2,48.5
Ole Miss,1.41,15.1,13.72,5.8,.511,11.78,72.80,43.998,7,20.6,72.80,15.0,-3,23.06,10.41,33.47,73.9,1,74.9,7.8,20.6,36.52,33.8,7.5,1.7,12.44,10.8,62.5
North Carolina,1.40,14.5,17.32,4.1,.513,12.71,75.35,40.725,10,23.0,75.35,17.4,7,29.03,12.12,41.15,70.2,11,81.5,5.8,22.4,35.39,31.4,7.9,.4,10.68,10.3,79.4
Massachusetts,1.40,15.6,19.29,3.0,.506,12.03,69.90,42.108,7,22.0,69.90,15.4,4,24.90,13.42,38.32,70.7,6,77.5,7.6,21.5,31.29,33.5,6.7,2.0,13.13,11.1,64.5
Wright St.,1.40,16.5,13.28,2.8,.586,9.16,75.71,47.389,9,19.9,75.71,15.1,2,25.66,9.06,34.72,81.2,5,86.5,6.2,17.8,38.31,36.1,6.8,.3,12.19,11.8,56.2
Xavier,1.39,16.2,15.88,3.4,.491,15.38,74.55,43.629,11,19.8,74.55,14.7,2,26.35,11.79,38.15,74.6,1,75.9,6.9,19.9,34.22,33.5,6.8,-0.2,11.44,11.6,47.1
SMU,1.39,15.7,27.27,4.8,.507,12.55,68.65,41.281,13,18.4,68.65,12.6,5,25.27,14.55,39.82,68.8,8,76.8,8.4,22.3,34.15,31.7,7.6,1.7,12.97,11.3,60.6
Youngstown St.,1.39,15.3,21.97,4.9,.519,12.25,77.08,41.760,10,18.4,77.08,14.2,5,27.19,12.78,39.97,70.9,10,81.2,6.2,27.2,32.34,33.2,8.8,.9,11.97,11.0,68.8
Butler,1.38,15.1,16.03,3.3,.521,9.12,79.10,43.983,4,16.2,79.10,12.8,0,25.88,9.33,35.21,73.7,3,77.1,6.2,23.6,35.48,32.3,8.4,.6,11.52,10.9,54.5
Texas,1.38,15.7,17.47,4.5,.537,12.47,75.66,43.313,12,17.8,75.66,13.5,1,24.44,10.12,34.56,69.9,6,76.5,7.2,20.4,36.24,34.9,7.4,1.3,12.72,11.4,62.5
Virginia Tech,1.38,15.1,20.64,2.5,.541,6.88,79.31,45.430,10,18.5,79.31,14.6,0,24.45,7.76,32.21,70.7,4,75.0,5.2,23.4,35.15,34.2,8.2,.5,11.48,10.9,57.6
Nebraska,1.38,15.3,21.88,2.6,.532,9.73,75.39,39.661,7,19.2,75.39,14.5,0,28.27,9.67,37.94,70.1,7,77.6,6.3,26.4,35.82,31.9,9.5,.4,11.48,11.1,69.7
South Fla.,1.37,14.9,29.19,3.5,.521,12.12,73.72,41.841,7,22.0,73.72,16.2,0,26.19,9.78,35.97,69.3,6,76.1,7.0,24.5,37.12,31.2,9.1,2.0,12.81,10.8,78.1
Furman,1.37,16.2,20.55,2.9,.521,9.06,72.77,46.169,11,20.0,72.77,14.6,1,26.55,11.24,37.79,75.9,3,79.5,7.1,29.9,32.39,34.3,9.7,.2,12.03,11.8,51.5
UC Riverside,1.37,13.1,20.71,1.4,.464,8.03,71.69,46.134,9,17.8,71.69,12.7,1,24.59,12.35,36.94,72.0,-1,70.7,5.6,26.6,31.75,35.6,8.4,1.5,11.09,9.6,47.1
App State,1.36,14.6,28.44,6.8,.528,11.47,68.04,38.876,5,19.3,68.04,13.1,5,30.68,10.97,41.65,67.1,11,78.4,6.1,19.8,33.23,30.9,6.6,-0.3,10.47,10.7,79.4
UNC Greensboro,1.36,14.8,17.12,2.5,.546,7.25,72.98,41.019,6,15.8,72.98,11.6,1,25.44,9.97,35.41,69.8,5,75.7,7.0,25.4,39.66,33.1,10.1,.7,11.59,10.9,65.6
Charlotte,1.35,13.1,13.52,3.4,.513,6.10,75.35,42.649,6,18.6,75.35,14.0,0,24.06,8.39,32.45,65.6,3,68.7,5.4,20.5,31.65,31.5,6.5,.3,10.03,9.7,61.3
Fla. Atlantic,1.35,15.0,20.42,3.0,.550,13.30,71.83,43.562,5,21.3,71.83,15.3,4,26.33,11.73,38.06,73.3,9,82.5,7.1,23.7,35.63,33.7,8.5,.5,11.58,11.1,75.8
Oregon,1.35,13.8,19.26,3.6,.518,9.91,71.47,45.332,7,19.2,71.47,13.7,0,24.26,9.94,34.21,71.9,3,75.3,7.2,21.8,33.60,34.4,7.3,2.1,12.35,10.2,67.6
UC Irvine,1.35,15.6,28.47,3.3,.524,10.41,75.26,41.179,4,19.9,75.26,14.9,4,27.26,10.59,37.85,68.3,9,77.6,6.4,16.6,34.87,33.3,5.8,.8,12.38,11.6,70.6
Alabama,1.34,16.1,26.25,4.2,.562,14.16,78.36,44.024,25,22.8,78.36,17.9,4,26.88,12.72,39.59,81.1,9,90.8,7.2,30.3,36.53,31.9,11.1,-0.3,11.69,12.0,65.6
NC State,1.34,12.8,19.47,3.5,.508,12.58,73.35,44.344,11,19.8,73.35,14.5,-1,24.61,10.36,34.97,72.7,3,76.4,7.4,20.4,34.65,34.8,7.1,2.9,12.50,9.6,61.1
Boston College,1.34,14.1,15.40,3.5,.525,6.97,75.00,43.786,9,15.2,75.00,11.4,0,25.83,9.40,35.23,71.7,2,74.2,6.0,22.8,36.14,34.3,8.2,.5,11.00,10.5,57.1
Villanova,1.34,12.9,18.56,2.4,.506,7.12,80.81,40.914,5,15.3,80.81,12.4,0,26.35,8.47,34.82,65.6,4,70.2,5.8,27.4,33.76,32.8,9.3,1.0,10.62,9.6,52.9
Northern Colo.,1.33,14.8,21.88,2.4,.555,12.06,72.85,45.320,12,17.8,72.85,13.0,0,26.56,8.19,34.75,77.8,2,80.2,6.2,22.1,35.64,35.3,7.9,.3,11.41,11.1,59.4
Eastern Wash.,1.33,17.6,26.69,3.6,.578,9.88,77.09,43.724,14,21.3,77.09,16.4,2,25.78,8.06,33.84,75.2,5,80.8,6.0,23.4,36.45,36.0,8.5,-1.2,12.00,13.2,65.6
Samford,1.33,17.5,33.38,3.8,.573,15.26,72.78,42.886,12,21.8,72.78,15.9,0,25.29,10.50,35.79,73.9,12,86.0,10.0,25.1,39.32,33.8,9.9,3.4,16.62,13.2,85.3
TCU,1.33,17.0,26.70,3.8,.519,18.06,72.96,44.551,4,21.5,72.96,15.7,4,24.55,12.48,37.03,71.2,8,79.2,9.1,18.5,35.57,32.8,6.6,2.1,14.91,12.8,63.6
Penn,1.33,14.8,21.21,2.3,.534,6.90,68.80,45.439,3,16.1,68.80,11.1,2,25.48,10.45,35.93,74.4,0,74.4,6.0,25.9,36.67,35.8,9.5,-1.2,9.97,11.1,37.9
UNC Asheville,1.33,15.7,18.59,4.3,.536,9.71,74.22,43.038,9,23.5,74.22,17.4,0,25.38,9.38,34.76,73.1,5,78.9,6.0,22.3,36.50,32.2,8.1,.9,12.76,11.9,64.7
Wofford,1.32,15.4,23.50,2.7,.539,6.94,62.03,43.307,11,16.6,62.03,10.3,4,26.66,10.53,37.19,73.8,0,74.5,4.4,26.6,35.92,35.0,9.6,-2.1,9.53,11.7,53.1
Texas Tech,1.32,14.7,17.36,2.5,.528,7.88,77.85,42.791,8,19.7,77.85,15.3,1,25.12,9.88,35.00,69.3,6,75.6,6.1,23.4,36.48,32.1,8.5,.3,11.48,11.2,69.7
Ohio St.,1.31,13.9,20.74,4.6,.513,7.00,76.00,42.707,11,19.9,76.00,15.1,2,25.94,11.06,37.00,69.9,5,75.3,5.5,20.6,34.76,34.9,7.1,.1,10.62,10.6,61.8
Wisconsin,1.31,12.7,17.37,1.6,.524,5.54,75.89,45.827,10,19.3,75.89,14.7,3,23.83,10.11,33.94,69.9,5,75.1,6.2,20.4,34.78,37.1,7.1,1.6,11.26,9.7,62.9
Purdue Fort Wayne,1.31,13.5,17.24,3.1,.547,13.76,70.21,44.614,11,18.6,70.21,13.0,-4,24.06,8.29,32.35,71.5,9,80.8,9.3,26.1,36.23,31.7,9.4,6.0,16.32,10.3,64.7
Denver,1.31,13.1,18.21,3.9,.520,11.18,73.04,46.554,8,22.9,73.04,16.7,-1,25.44,10.24,35.68,80.5,0,81.0,6.2,24.9,34.79,35.4,8.6,.6,10.65,10.0,50.0
Wagner,1.30,12.9,15.66,2.3,.458,10.91,70.69,41.715,8,15.0,70.69,10.6,1,24.94,11.28,36.22,62.3,1,63.8,5.9,22.2,32.58,29.5,7.2,1.2,11.19,9.9,53.1
American,1.29,14.0,18.94,1.7,.530,6.34,72.15,45.487,6,15.4,72.15,11.1,2,23.62,8.97,32.59,68.0,0,68.7,5.8,24.8,35.14,37.1,8.7,-0.1,10.78,10.8,50.0
Loyola Chicago,1.29,16.6,25.52,5.0,.522,10.88,68.04,40.205,12,19.1,68.04,13.0,3,27.15,9.61,36.76,67.5,5,73.1,7.1,23.5,35.35,34.1,8.3,-0.3,12.55,12.8,69.7
Stetson,1.29,13.5,13.24,3.1,.545,9.85,76.63,43.851,9,17.6,76.63,13.5,0,25.21,9.68,34.88,72.8,4,77.5,5.3,24.6,37.04,33.4,9.1,-0.9,9.59,10.4,64.7
Oakland,1.29,14.5,20.44,2.8,.521,7.59,75.83,43.707,11,18.5,75.83,14.0,1,25.29,10.53,35.82,72.9,3,76.4,6.7,24.4,35.10,33.9,8.6,.1,11.29,11.2,67.6
Cleveland St.,1.29,13.4,18.68,3.9,.504,12.85,67.35,45.478,8,20.0,67.35,13.5,-1,22.29,12.85,35.15,72.9,3,76.2,8.2,19.4,33.64,30.3,6.5,3.6,13.97,10.4,58.8
Washington,1.29,15.1,19.22,3.7,.535,13.69,72.17,44.234,12,19.9,72.17,14.3,0,26.56,9.41,35.97,77.1,3,80.6,5.8,22.8,35.44,33.7,8.1,-0.1,11.59,11.7,53.1
San Jose St.,1.29,13.5,14.47,3.3,.520,7.66,70.21,47.339,9,13.2,70.21,9.3,-5,22.94,7.88,30.81,75.1,-5,69.6,5.2,24.3,34.32,38.7,8.3,.2,10.72,10.5,28.1
Southern Ill.,1.28,14.2,17.28,3.1,.529,8.94,76.15,45.163,10,19.7,76.15,15.0,1,24.53,8.44,32.97,68.2,4,72.7,5.5,23.8,34.69,30.4,8.2,-0.3,10.81,11.1,59.4
Saint Joseph's,1.28,14.7,16.14,3.8,.530,11.00,72.58,41.971,7,17.1,72.58,12.4,0,25.71,10.09,35.80,70.5,4,75.5,7.1,28.5,35.24,33.0,10.0,.7,12.20,11.5,60.0
Lamar University,1.28,16.5,25.79,3.7,.512,15.00,73.05,42.105,10,20.6,73.05,15.0,2,25.61,12.48,38.09,72.9,4,77.8,7.1,21.7,34.59,33.5,7.5,1.1,14.03,12.9,57.6
Delaware,1.28,13.8,15.30,3.0,.524,8.27,70.66,42.592,10,17.5,70.66,12.3,1,26.48,9.21,35.70,69.7,3,73.2,5.4,20.5,33.48,31.0,6.9,-0.7,10.12,10.8,57.6
Arkansas St.,1.27,14.5,23.18,4.4,.517,8.21,70.42,45.605,13,20.4,70.42,14.4,2,25.24,12.94,38.18,77.1,1,78.7,5.6,27.1,34.85,35.4,9.4,-1.4,9.91,11.4,52.9
Eastern Ky.,1.27,14.6,20.45,6.1,.521,12.19,67.99,42.692,5,20.3,67.99,13.8,3,26.90,13.23,40.13,76.5,4,80.8,6.3,21.9,35.84,37.4,7.8,-0.2,11.29,11.5,54.8
Central Conn. St.,1.27,14.3,16.35,4.8,.508,10.52,70.88,42.233,2,18.6,70.88,13.2,1,26.23,9.61,35.84,66.5,5,72.2,7.5,20.8,32.25,33.9,6.7,1.5,12.77,11.3,64.5
Florida,1.27,15.0,21.91,5.3,.515,14.34,71.17,43.553,14,25.2,71.17,17.9,6,27.91,14.77,42.69,78.5,6,85.1,6.7,22.5,34.18,32.2,7.7,-1.0,10.77,11.8,68.6
Tulane,1.27,14.2,13.65,4.4,.541,12.10,73.19,43.472,9,26.2,73.19,19.2,-6,26.23,7.00,33.23,80.0,1,81.9,7.8,21.1,35.68,34.8,7.5,1.7,12.94,11.2,45.2
Indiana,1.26,15.3,14.06,4.0,.521,9.18,66.38,41.977,11,21.1,66.38,14.0,0,26.09,8.88,34.97,74.3,-2,72.3,5.2,15.5,32.36,34.3,5.0,-1.8,10.33,12.1,57.6
Austin Peay,1.26,11.1,15.09,2.7,.513,7.37,70.55,46.263,13,18.6,70.55,13.1,-1,23.14,10.80,33.94,73.2,1,74.8,7.1,21.9,36.07,32.3,7.9,2.6,11.43,8.8,54.3
Fairfield,1.26,13.4,18.12,2.3,.522,12.50,76.00,45.473,4,16.9,76.00,12.9,-1,23.65,10.26,33.91,70.6,5,75.8,8.6,25.3,36.51,33.9,9.2,3.4,14.06,10.6,64.7
Morehead St.,1.26,15.1,13.00,4.7,.551,7.00,70.55,38.880,8,17.2,70.55,12.1,8,27.79,11.62,39.41,62.8,12,75.5,5.9,25.9,36.05,29.6,9.4,-1.4,10.53,12.0,76.5
Toledo,1.26,13.4,16.12,2.0,.531,13.59,75.44,47.983,8,21.2,75.44,16.0,0,23.84,9.94,33.78,76.1,3,80.0,7.3,17.2,37.64,34.1,6.5,2.4,13.06,10.7,62.5
Stanford,1.26,16.1,17.25,3.1,.543,6.97,72.78,45.198,10,16.9,72.78,12.3,-1,26.53,7.75,34.28,76.5,0,76.3,5.5,24.2,36.95,35.7,8.9,-1.6,11.19,12.8,43.8
Belmont,1.25,15.3,18.12,3.1,.553,7.94,72.28,44.219,3,17.8,72.28,12.9,-1,27.06,7.18,34.24,75.5,2,77.9,7.5,24.6,37.11,32.5,9.1,-0.1,12.06,12.2,60.6
Monmouth,1.25,13.1,16.39,3.5,.493,12.79,71.45,42.678,9,17.7,71.45,12.7,-1,24.15,11.21,35.36,72.6,0,72.4,7.2,22.0,34.71,34.0,7.6,1.7,12.12,10.5,54.5
Marshall,1.25,14.9,14.91,4.4,.472,7.58,71.06,44.757,9,18.6,71.06,13.2,0,27.18,12.30,39.48,76.7,-2,73.8,7.0,26.4,31.03,35.9,8.2,-0.1,11.85,11.9,39.4
Eastern Ill.,1.25,12.9,19.62,3.0,.467,11.38,73.13,43.986,16,16.3,73.13,11.9,0,24.44,10.91,35.34,67.9,1,68.9,8.1,17.5,31.96,35.2,5.6,3.8,14.19,10.3,43.8
Colorado,1.25,15.8,11.20,2.2,.551,12.20,78.12,43.344,3,20.1,78.12,15.7,6,27.34,10.03,37.37,70.7,8,78.7,5.9,17.4,39.08,31.3,6.8,-2.0,10.63,12.7,71.4
Rice,1.24,14.4,17.19,3.7,.510,4.97,69.48,45.080,4,17.4,69.48,12.1,0,25.12,10.31,35.44,75.7,-3,72.0,5.6,23.2,33.74,37.6,7.8,-1.4,10.25,11.6,34.4
Bryant,1.24,14.8,17.76,6.5,.523,12.30,66.93,39.655,24,18.9,66.93,12.6,-4,29.91,7.85,37.76,75.4,3,78.7,7.0,24.4,33.87,31.3,8.3,.7,12.61,11.9,60.6
Weber St.,1.23,12.2,15.53,1.7,.539,10.19,74.88,45.841,4,19.9,74.88,14.9,0,24.28,7.75,32.03,67.5,7,75.4,6.9,22.5,34.81,34.6,7.8,2.8,12.66,9.9,62.5
UTSA,1.23,13.9,32.22,4.2,.487,11.94,71.04,44.685,17,21.9,71.04,15.6,2,27.19,13.09,40.28,81.0,-3,77.6,5.0,28.8,33.73,36.8,9.7,-1.8,9.47,11.2,34.4
Southern California,1.23,15.6,20.94,5.2,.517,11.09,69.34,43.160,10,19.7,69.34,13.6,-2,24.00,10.03,34.03,74.3,0,74.1,7.5,21.5,35.54,36.5,7.6,.6,13.27,12.7,45.5
Miami (OH),1.23,14.4,27.47,3.1,.515,9.28,70.63,42.781,10,17.9,70.63,12.6,-3,25.19,8.03,33.22,70.0,0,70.6,6.3,22.4,36.12,31.2,8.1,.8,12.47,11.7,46.9
Kennesaw St.,1.23,14.8,22.81,4.1,.518,15.35,67.45,43.894,11,22.0,67.45,14.8,0,26.58,12.26,38.84,80.8,2,82.8,7.4,28.6,32.88,34.9,9.4,1.4,13.48,12.1,48.4
Baylor,1.23,14.8,20.18,3.2,.557,8.73,73.64,45.406,5,22.8,73.64,16.8,5,23.82,11.42,35.24,71.2,9,80.5,6.7,21.8,38.80,33.7,8.5,-0.1,11.97,12.1,69.7
Cincinnati,1.23,14.8,26.17,4.4,.500,10.60,69.31,41.942,12,17.3,69.31,12.0,7,25.97,13.57,39.54,68.0,6,74.6,6.5,22.8,32.54,33.6,7.4,.1,12.17,12.1,60.0
Long Beach St.,1.22,15.4,21.14,4.2,.491,13.00,71.07,43.179,17,23.8,71.07,16.9,3,26.17,12.37,38.54,75.7,2,77.7,8.0,17.7,30.81,34.5,5.5,1.1,13.77,12.6,60.0
UNI,1.22,12.5,16.70,2.6,.520,9.03,70.73,44.504,7,21.1,70.73,14.9,0,25.82,8.03,33.85,71.1,2,73.2,6.2,20.9,34.49,34.5,7.2,1.1,11.36,10.3,57.6
Georgia St.,1.22,11.8,21.10,2.9,.495,11.23,75.71,42.633,13,18.1,75.71,13.7,-1,26.94,10.48,37.42,74.8,1,76.5,5.8,23.2,32.59,30.0,7.5,.8,10.52,9.7,45.2
Syracuse,1.21,13.8,20.34,4.0,.518,13.00,72.08,45.774,9,19.8,72.08,14.3,-4,24.59,8.66,33.25,75.6,0,76.3,9.1,20.3,33.64,34.2,6.8,3.1,14.47,11.4,62.5
Murray St.,1.21,11.5,15.53,2.8,.503,10.12,69.65,46.343,7,17.1,69.65,11.9,0,23.41,9.34,32.75,69.9,0,69.8,6.0,20.3,32.10,36.7,6.5,2.3,11.84,9.5,37.5
A&M-Corpus Christi,1.21,14.7,34.52,2.9,.479,14.33,70.33,40.684,17,22.4,70.33,15.7,6,26.97,13.27,40.24,66.7,8,75.2,8.8,18.7,29.71,30.1,5.5,2.8,14.97,12.1,63.6
Air Force,1.21,14.5,11.32,3.9,.538,4.10,68.21,47.456,14,15.3,68.21,10.5,-4,20.87,7.26,28.13,72.4,-6,66.2,6.5,24.4,36.06,36.6,8.8,-0.8,11.23,12.0,29.0
Little Rock,1.21,14.7,20.18,4.8,.525,13.06,74.89,41.893,20,19.9,74.89,14.9,2,25.70,10.97,36.67,72.2,5,77.4,6.0,18.4,34.10,32.0,6.3,.4,12.58,12.2,63.6
Illinois,1.21,13.0,19.06,3.8,.538,11.24,74.47,43.192,2,23.5,74.47,17.5,8,28.38,12.94,41.32,73.8,10,84.4,4.2,23.8,34.98,34.3,8.3,-2.0,8.76,10.8,76.5
Utah Valley,1.21,14.9,19.34,4.5,.474,11.34,67.63,42.203,8,20.5,67.63,13.8,0,26.38,10.47,36.84,68.6,0,68.7,6.9,16.9,28.52,32.1,4.8,.4,12.78,12.3,50.0
Davidson,1.19,12.6,17.34,3.5,.496,7.50,73.26,42.325,8,18.8,73.26,13.8,0,25.44,9.22,34.66,67.9,2,70.1,6.5,23.4,31.38,33.3,7.3,1.2,11.72,10.6,46.9
Binghamton,1.19,14.5,19.10,3.8,.508,9.50,66.72,42.123,9,19.8,66.72,13.2,5,28.10,10.43,38.53,72.2,0,72.1,5.0,17.9,30.60,33.7,5.5,-2.8,9.37,12.2,50.0
FDU,1.19,15.1,18.41,2.5,.486,12.62,70.00,44.992,8,21.2,70.00,14.9,-2,25.84,11.38,37.22,77.6,-1,75.9,8.2,25.4,33.00,35.5,8.4,1.8,14.50,12.8,46.9
San Diego St.,1.19,13.1,18.44,4.0,.499,8.76,73.27,40.463,8,21.7,73.27,15.9,4,26.35,11.74,38.09,66.6,8,74.6,7.3,22.2,31.26,30.5,6.9,1.4,12.44,11.1,70.6
Navy,1.19,12.1,20.06,2.0,.446,7.06,70.84,43.072,11,20.4,70.84,14.4,0,23.16,12.45,35.61,66.7,0,66.5,6.7,19.5,30.02,32.4,5.8,3.3,13.55,10.2,41.9
Pepperdine,1.18,13.3,14.91,2.7,.510,9.36,70.38,48.054,8,19.0,70.38,13.4,1,23.67,10.12,33.79,74.0,-1,72.8,5.1,18.9,36.06,38.0,6.8,.3,11.55,11.2,39.4
Mercer,1.18,13.2,29.64,3.4,.502,7.48,66.90,44.554,10,17.1,66.90,11.5,0,23.15,11.15,34.30,71.8,0,71.2,6.9,18.4,34.54,33.7,6.4,1.1,12.21,11.1,48.5
UAB,1.18,13.6,22.76,4.6,.502,12.94,74.57,44.461,13,23.8,74.57,17.8,3,25.26,12.85,38.12,75.2,2,77.8,6.7,18.8,32.60,34.6,6.1,-0.1,11.47,11.5,67.6
Stony Brook,1.18,12.1,19.91,3.2,.504,6.63,73.94,42.272,4,17.5,73.94,13.0,0,26.97,9.60,36.57,72.3,1,73.5,6.0,22.1,35.74,34.7,7.9,.3,10.57,10.3,57.1
Sacred Heart,1.18,13.8,22.75,5.0,.518,10.84,69.45,43.485,15,18.3,69.45,12.7,-3,24.34,9.38,33.72,72.3,1,74.1,8.7,20.3,36.46,35.3,7.4,2.8,14.50,11.7,50.0
Santa Clara,1.18,15.1,24.36,2.7,.528,10.24,71.45,42.490,8,18.8,71.45,13.4,7,27.24,12.03,39.27,72.2,4,76.9,4.8,23.2,35.38,31.4,8.2,-2.6,10.21,12.8,60.6
Miami (FL),1.18,14.2,11.22,3.1,.527,10.94,74.53,43.343,5,15.1,74.53,11.2,0,26.56,10.12,36.69,73.6,2,75.8,7.2,24.8,36.11,33.3,8.9,-0.4,11.66,12.1,46.9
Texas A&M,1.17,11.3,18.85,2.9,.454,7.26,70.91,42.487,14,24.3,70.91,17.2,8,25.44,17.26,42.71,70.8,3,74.8,7.1,24.2,28.43,33.9,6.9,1.8,11.44,9.6,58.8
Drexel,1.17,12.7,25.03,4.0,.514,9.84,72.21,41.836,4,17.7,72.21,12.8,7,27.62,11.53,39.16,66.6,6,73.3,5.0,19.6,34.39,31.6,6.8,-1.8,9.03,10.8,62.5
UNLV,1.16,13.1,17.84,4.5,.522,7.84,72.49,42.240,12,19.0,72.49,13.8,0,24.00,10.38,34.38,68.1,5,73.6,6.2,20.2,33.69,31.4,6.8,1.2,12.50,11.3,62.5
Washington St.,1.16,12.5,18.48,4.8,.521,8.09,70.08,42.190,6,18.6,70.08,13.1,6,26.48,11.21,37.70,66.9,7,74.3,5.2,18.8,33.98,32.0,6.4,-0.2,10.64,10.8,72.7
St. Bonaventure,1.15,12.5,22.61,3.9,.523,9.45,77.45,44.358,16,18.3,77.45,14.2,0,23.24,9.70,32.94,68.6,4,73.5,6.6,20.8,36.54,33.5,7.6,2.1,12.91,10.8,60.6
Arizona St.,1.15,12.0,15.56,3.7,.473,14.34,65.50,45.045,13,19.7,65.50,12.9,-7,24.84,8.41,33.25,74.0,-4,69.0,8.2,22.4,30.03,33.9,6.7,3.2,13.72,10.5,43.8
Akron,1.15,13.1,16.94,2.9,.526,8.18,72.80,42.651,13,18.7,72.80,13.6,4,26.41,10.41,36.82,65.9,8,74.0,5.6,24.6,32.81,29.7,8.1,.0,11.47,11.4,70.6
Wake Forest,1.15,12.4,9.65,4.2,.546,8.35,79.56,43.280,9,18.7,79.56,14.9,1,25.76,8.38,34.15,70.6,7,78.4,5.8,21.8,37.06,32.4,8.1,.4,11.21,10.8,61.8
North Dakota,1.15,11.6,15.50,3.0,.512,9.03,71.33,45.377,6,18.8,71.33,13.4,2,25.16,11.44,36.59,71.9,3,75.2,6.3,25.3,32.63,33.6,8.2,.6,10.72,10.1,56.2
South Dakota St.,1.14,12.8,15.71,3.2,.556,7.59,70.79,41.691,7,17.1,70.79,12.1,1,27.35,8.29,35.65,70.8,5,76.8,6.1,23.5,36.30,34.6,8.5,.2,11.35,11.2,64.7
Evansville,1.14,13.1,25.61,3.1,.506,10.30,72.27,44.155,6,16.9,72.27,12.2,-1,26.12,7.85,33.97,73.6,-2,71.5,6.3,20.1,33.73,35.3,6.8,.5,11.94,11.4,48.5
Quinnipiac,1.14,14.1,20.79,3.7,.512,10.73,77.97,42.014,8,19.1,77.97,14.9,3,26.12,10.73,36.85,71.5,6,77.8,7.6,21.2,35.29,33.6,7.5,.5,12.85,12.3,72.7
William & Mary,1.14,12.3,13.97,1.7,.490,5.94,70.16,44.444,11,18.8,70.16,13.2,0,24.85,10.33,35.18,72.1,-2,69.8,4.7,27.8,32.31,33.1,9.0,-1.0,9.79,10.8,30.3
Penn St.,1.14,12.6,20.64,3.4,.503,9.09,74.75,45.233,9,20.9,74.75,15.6,-4,22.70,9.58,32.27,73.4,1,75.1,8.3,23.2,33.38,30.3,7.7,3.6,14.67,11.1,48.5
Duquesne,1.14,13.4,23.57,4.3,.504,11.83,71.76,41.905,13,18.7,71.76,13.4,0,24.60,10.57,35.17,66.0,4,70.8,7.6,22.5,33.97,31.7,7.6,1.5,13.31,11.8,68.6
Chattanooga,1.14,13.5,20.45,3.7,.557,12.06,74.54,41.736,7,18.2,74.54,13.6,2,27.30,9.24,36.55,71.6,6,78.2,6.3,29.4,35.94,34.0,10.6,-1.5,10.39,11.9,63.6
Oral Roberts,1.14,11.0,11.77,3.4,.517,7.55,74.24,44.155,9,15.9,74.24,11.8,-5,25.39,7.58,32.97,75.3,-1,73.4,5.6,25.5,36.08,35.7,9.2,1.1,10.77,9.7,38.7
Montana St.,1.13,13.2,15.86,2.4,.547,9.03,72.82,46.650,21,17.0,72.82,12.4,-4,23.74,6.77,30.51,74.5,0,75.3,8.3,24.7,36.96,33.5,9.1,1.9,13.54,11.7,48.6
Milwaukee,1.13,14.2,25.17,4.4,.509,14.97,72.67,43.847,12,21.4,72.67,15.6,3,25.46,13.51,38.97,78.7,0,79.5,5.9,24.6,32.17,34.4,7.9,-1.0,11.54,12.5,57.1
East Carolina,1.13,12.3,13.88,2.8,.479,8.42,69.21,44.142,5,20.3,69.21,14.0,0,23.06,11.91,34.97,70.3,0,69.3,7.9,21.1,31.32,32.7,6.6,1.7,12.58,10.8,45.5
UT Martin,1.13,13.0,17.56,2.8,.512,14.69,77.06,41.659,4,20.8,77.06,16.1,3,31.06,10.16,41.22,76.7,4,81.5,6.2,24.3,35.82,32.5,8.7,-0.8,10.62,11.4,65.6
Presbyterian,1.13,13.0,26.84,3.2,.529,12.69,66.57,45.596,15,21.3,66.57,14.2,0,23.88,9.38,33.25,72.8,1,74.7,6.8,18.9,33.72,34.8,6.4,1.3,12.81,11.5,43.8
Portland,1.13,13.5,13.00,2.2,.514,7.61,71.60,46.434,11,17.6,71.60,12.6,-2,25.33,8.36,33.70,79.5,-7,71.5,4.1,25.5,34.68,37.9,8.8,-2.8,9.12,11.9,36.4
Lafayette,1.13,13.2,18.69,4.3,.470,5.59,67.35,41.755,6,13.7,67.35,9.2,-3,24.53,8.72,33.25,67.3,-4,62.8,6.6,22.8,31.18,34.2,7.1,.1,11.75,11.6,34.4
Ark.-Pine Bluff,1.13,15.1,19.74,2.2,.539,12.16,76.25,45.500,14,22.0,76.25,16.8,-3,26.19,8.42,34.61,81.8,-1,80.1,5.9,29.0,37.53,30.5,10.9,-1.6,11.68,13.3,41.9
Temple,1.13,11.2,19.42,2.9,.463,10.22,70.94,43.741,13,19.7,70.94,14.0,-2,24.94,11.28,36.22,72.9,-2,70.9,7.4,25.9,31.79,32.1,8.2,2.0,11.94,9.9,44.4
VCU,1.13,13.7,27.67,4.4,.522,9.72,78.03,40.566,5,19.2,78.03,15.0,2,26.17,9.06,35.22,66.5,4,71.5,6.5,23.9,35.74,31.2,8.5,-1.0,11.19,12.2,63.9
Providence,1.12,13.6,11.74,4.6,.515,9.03,72.19,41.643,9,18.3,72.19,13.2,0,26.74,9.17,35.91,68.8,3,72.4,6.4,25.5,32.55,34.3,8.3,-0.4,11.74,12.1,60.0
UIC,1.12,13.9,18.79,5.3,.512,7.70,68.80,42.604,10,15.2,68.80,10.4,-3,25.42,8.21,33.64,71.5,-1,70.3,6.2,23.9,36.33,31.7,8.7,-0.2,12.18,12.4,36.4
Northern Ky.,1.12,13.8,14.52,2.6,.510,11.94,71.92,44.461,11,20.9,71.92,15.1,-1,24.06,10.52,34.58,73.2,1,74.8,8.6,19.9,31.86,31.2,6.3,2.2,14.55,12.3,54.5
Pacific,1.12,13.2,23.31,2.0,.469,8.25,64.31,48.366,8,20.3,64.31,13.1,-10,20.81,6.53,27.34,79.8,-15,64.7,6.1,20.1,31.57,35.3,6.3,-0.2,11.53,11.8,18.8
Western Caro.,1.11,11.5,15.88,3.2,.526,9.19,71.25,40.796,7,17.3,71.25,12.3,5,29.19,10.47,39.66,68.7,8,76.8,4.4,22.3,36.61,32.8,8.2,-0.6,9.72,10.3,68.8
Boston U.,1.11,12.9,23.45,3.1,.482,6.94,71.71,42.656,9,17.0,71.71,12.2,2,26.00,9.36,35.36,66.5,0,66.5,6.5,23.1,33.29,34.4,7.7,-0.2,11.39,11.6,48.5
Illinois St.,1.11,12.5,16.22,2.2,.479,7.00,71.11,44.233,7,19.7,71.11,14.0,1,24.72,10.09,34.81,67.7,-1,66.5,5.6,20.8,29.17,32.6,6.1,-0.5,10.78,11.2,46.9
Campbell,1.11,13.3,15.75,2.4,.530,9.56,72.54,44.035,2,18.4,72.54,13.4,-2,24.81,7.69,32.50,72.1,-1,71.0,6.3,21.0,34.47,33.3,7.2,-0.1,11.84,12.0,43.8
LMU (CA),1.11,11.9,21.00,2.6,.521,7.48,73.03,44.799,6,16.7,73.03,12.2,2,25.00,9.90,34.90,71.4,0,72.4,3.7,22.9,36.76,34.1,8.4,-2.2,8.52,10.7,38.7
North Ala.,1.11,11.2,21.72,3.2,.508,10.56,76.81,44.545,16,19.8,76.81,15.2,0,25.47,9.91,35.38,76.1,0,76.5,5.3,21.2,36.23,35.0,7.7,.0,10.16,10.1,46.9
Boise St.,1.10,12.2,13.97,2.4,.516,6.61,73.62,43.784,7,20.8,73.62,15.3,7,25.67,11.64,37.30,67.3,7,75.1,5.7,23.0,33.99,31.0,7.8,.3,11.42,11.1,66.7
Elon,1.10,13.1,24.19,2.7,.520,8.44,70.75,45.714,7,18.4,70.75,13.0,-1,23.47,10.34,33.81,75.4,-2,73.1,6.3,24.4,35.21,34.0,8.6,-0.8,11.09,11.8,40.6
Bradley,1.10,13.3,16.38,4.2,.552,8.68,72.56,40.928,7,16.0,72.56,11.6,1,25.41,9.32,34.74,66.9,7,74.6,7.2,23.9,37.07,32.6,8.9,.5,12.59,12.1,67.6
North Florida,1.10,12.4,24.88,3.6,.543,7.22,76.57,46.110,12,16.9,76.57,13.0,-2,24.75,8.88,33.62,75.8,2,78.0,5.6,33.2,36.03,34.4,12.0,-0.8,10.50,11.3,50.0
Saint Louis,1.10,12.9,20.39,3.1,.520,11.64,74.96,46.107,14,21.2,74.96,15.9,-1,24.85,8.70,33.55,79.4,-4,74.9,6.1,21.4,36.74,36.5,7.8,-1.6,10.15,11.8,39.4
Idaho St.,1.10,12.0,11.59,3.6,.517,7.06,68.64,48.011,14,18.4,68.64,12.6,1,22.24,9.91,32.15,70.1,0,70.5,7.0,19.5,32.88,35.0,6.4,1.3,12.21,10.9,41.2
Lehigh,1.09,13.2,20.16,2.3,.500,10.94,73.49,44.043,6,18.6,73.49,13.7,0,27.31,8.22,35.53,71.0,1,72.7,7.2,22.3,32.21,34.5,7.2,.8,12.81,12.1,43.8
Northeastern,1.09,13.6,18.81,3.3,.512,7.16,74.76,46.540,3,16.6,74.76,12.4,2,23.00,10.19,33.19,72.3,-2,69.4,6.2,20.1,31.78,37.5,6.4,-1.3,11.16,12.4,37.5
Gardner-Webb,1.09,12.7,24.00,2.4,.498,11.52,63.11,43.382,19,21.3,63.11,13.4,1,26.97,11.21,38.18,73.2,0,73.5,5.8,21.9,34.49,33.2,7.5,-0.2,11.45,11.7,51.5
Valparaiso,1.09,12.0,18.31,3.5,.466,7.91,71.55,47.754,7,14.7,71.55,10.5,-5,23.25,10.00,33.25,75.5,-7,67.6,6.2,22.5,32.45,35.4,7.3,1.3,12.38,11.0,21.9
Maine,1.09,12.4,20.66,3.3,.485,9.69,71.90,43.980,9,16.9,71.90,12.2,-2,24.66,7.97,32.62,67.5,0,67.6,8.4,18.3,29.47,31.7,5.4,1.8,13.19,11.4,46.9
N.C. A&T,1.09,10.2,13.56,3.2,.439,9.09,71.27,47.954,5,19.9,71.27,14.2,-8,22.50,9.38,31.88,77.9,-12,65.6,5.6,20.9,28.70,35.2,6.0,1.5,10.84,9.4,21.9
Mississippi St.,1.09,14.1,26.12,3.1,.517,9.71,67.25,41.641,8,22.0,67.25,14.8,5,25.91,12.44,38.35,69.1,5,74.8,8.1,22.2,32.49,29.4,7.2,-0.4,12.56,12.9,61.8
USC Upstate,1.08,12.5,23.87,3.2,.511,10.73,64.15,44.694,14,17.7,64.15,11.3,-6,22.93,8.73,31.67,72.9,-1,71.0,7.2,23.0,33.29,31.6,7.7,1.9,13.43,11.5,33.3
Brown,1.08,13.5,14.94,4.2,.500,9.23,65.34,44.574,13,19.5,65.34,12.7,2,25.39,11.84,37.23,71.8,0,71.4,6.3,24.0,34.09,32.9,8.2,-0.5,11.90,12.4,41.9
Niagara,1.08,12.8,26.41,2.2,.527,9.28,75.20,47.001,7,19.8,75.20,14.9,-1,23.12,7.34,30.47,72.1,0,72.5,5.6,17.2,36.18,35.2,6.2,-0.5,11.34,11.8,50.0
Kent St.,1.08,12.8,22.91,2.6,.511,10.21,74.61,44.713,7,19.0,74.61,14.2,1,23.56,11.09,34.65,71.3,3,74.8,6.9,23.2,35.79,32.6,8.3,1.4,13.24,11.9,50.0
Georgia Tech,1.08,13.3,22.81,4.0,.487,8.00,70.94,42.814,9,17.5,70.94,12.4,2,26.62,11.47,38.09,75.2,-4,71.0,4.4,24.4,32.56,32.6,7.9,-3.4,8.84,12.3,43.8
Manhattan,1.07,14.4,15.97,2.9,.474,9.80,72.22,46.360,5,13.2,72.22,9.5,-5,23.80,9.17,32.97,75.8,-9,66.2,7.5,23.2,31.51,36.8,7.3,-1.5,11.87,13.4,23.3
Central Ark.,1.07,13.7,24.66,3.3,.481,10.00,74.03,44.956,10,17.7,74.03,13.1,0,25.19,11.22,36.41,78.2,-6,72.2,7.0,23.3,34.27,37.2,8.0,-1.2,11.47,12.7,28.1
Green Bay,1.07,12.9,22.62,2.2,.530,4.22,72.22,43.469,9,15.8,72.22,11.4,0,24.31,8.84,33.16,69.0,0,69.0,4.4,26.2,33.93,29.9,8.9,-2.7,9.28,12.0,56.2
Rider,1.07,13.3,16.03,3.9,.483,10.56,74.84,42.279,14,19.0,74.84,14.2,2,26.25,11.31,37.56,72.1,0,72.2,6.6,16.9,33.70,33.9,5.7,-0.9,11.50,12.4,46.9
Oklahoma,1.07,13.3,22.19,3.2,.531,10.03,74.30,42.156,6,21.2,74.30,15.7,3,25.50,9.69,35.19,68.8,6,75.4,5.9,21.6,34.54,29.9,7.5,-1.1,11.38,12.5,62.5
Harvard,1.07,13.0,12.67,4.3,.505,9.63,70.21,42.591,2,19.5,70.21,13.7,-2,25.59,9.26,34.85,71.7,-1,70.4,6.2,22.1,33.56,33.8,7.4,-1.1,11.04,12.1,51.9
High Point,1.07,12.0,22.42,3.3,.533,11.55,77.88,44.228,13,26.3,77.88,20.5,9,26.79,13.30,40.09,74.2,10,84.2,5.2,24.7,34.77,34.3,8.6,-1.1,10.18,11.2,75.8
N.C. Central,1.07,12.8,23.71,2.7,.518,14.52,69.47,42.132,13,23.0,69.47,16.0,0,24.13,11.26,35.39,69.0,7,76.6,7.6,22.0,34.21,28.1,7.5,1.9,13.94,12.0,58.1
Idaho,1.07,12.2,22.44,3.2,.510,5.62,73.31,45.449,10,15.2,73.31,11.2,-2,23.62,7.94,31.56,71.2,-3,67.8,5.6,22.7,33.47,35.3,7.6,-0.4,11.09,11.5,34.4
Kansas City,1.07,12.8,25.50,3.8,.498,7.47,71.30,43.754,8,17.8,71.30,12.7,4,24.84,11.47,36.31,69.3,2,71.9,6.0,25.3,33.17,32.0,8.4,.6,12.66,12.0,50.0
Northern Ariz.,1.07,13.5,14.55,3.1,.493,9.70,69.62,47.432,7,17.8,69.62,12.4,-5,23.03,8.30,31.33,76.6,-8,68.6,5.7,20.1,31.22,32.0,6.3,-1.0,11.64,12.6,42.4
SIUE,1.06,11.3,12.94,4.2,.484,9.61,72.42,43.630,9,19.1,72.42,13.8,0,24.24,11.36,35.61,70.1,1,71.5,6.8,21.8,33.19,36.1,7.2,1.7,12.33,10.7,51.5
Louisiana,1.05,12.4,16.24,3.8,.516,11.88,72.93,44.935,11,17.2,72.93,12.6,-1,23.09,11.24,34.33,71.7,4,75.9,8.6,22.5,33.78,27.6,7.6,3.0,14.76,11.8,57.6
Missouri,1.05,12.2,17.72,4.8,.502,9.00,79.25,44.499,14,18.2,79.25,14.4,-6,21.84,9.16,31.00,76.2,-4,72.2,7.7,22.8,31.92,34.4,7.3,1.2,12.78,11.6,25.0
Portland St.,1.05,11.8,26.69,3.3,.476,11.00,68.56,44.432,6,20.4,68.56,14.0,0,25.19,11.72,36.91,71.8,0,71.9,7.1,22.8,32.47,35.2,7.4,1.8,13.09,11.3,53.1
Georgia,1.05,11.8,28.79,3.1,.497,10.18,72.07,43.562,7,22.3,72.07,16.1,-2,25.59,10.09,35.68,74.6,0,74.9,6.5,23.7,33.66,33.4,8.0,.3,11.59,11.3,52.9
Southeastern La.,1.05,14.5,13.38,2.3,.498,9.75,72.76,43.290,9,19.2,72.76,13.9,1,24.28,10.72,35.00,71.0,-1,69.0,6.9,21.2,34.71,32.2,7.3,-1.9,11.94,13.8,46.9
California,1.05,12.1,10.50,2.6,.492,9.69,72.66,44.792,15,18.1,72.66,13.1,0,26.44,10.72,37.16,77.0,-3,74.0,6.0,26.0,33.81,35.7,8.8,-1.1,10.50,11.6,40.6
Memphis,1.05,13.7,19.59,4.5,.528,12.38,72.50,42.729,10,22.2,72.50,16.1,0,25.06,11.97,37.03,75.8,4,80.4,8.6,23.7,35.05,34.0,8.3,.8,13.84,13.1,68.8
North Dakota St.,1.04,11.6,20.41,1.3,.545,4.81,71.82,46.045,5,17.0,71.82,12.2,2,25.81,8.47,34.28,73.9,0,74.6,4.3,20.8,37.78,35.9,7.9,-1.6,9.47,11.1,46.9
Seattle U,1.04,13.3,14.45,3.0,.511,6.30,73.09,41.198,22,19.5,73.09,14.2,3,26.76,9.97,36.73,67.4,6,73.6,5.6,22.2,34.47,29.7,7.6,-0.4,12.33,12.8,57.6
Oklahoma St.,1.04,13.4,20.19,2.9,.513,10.03,69.72,45.743,5,19.1,69.72,13.3,0,24.50,9.19,33.69,72.7,-1,71.0,6.2,24.3,33.42,34.0,8.1,-1.4,11.53,12.9,37.5
Florida St.,1.04,12.3,27.82,4.3,.503,9.27,70.75,45.402,13,22.3,70.75,15.8,-3,23.09,10.18,33.27,76.3,0,76.5,9.2,19.1,31.75,35.4,6.1,3.1,14.94,11.9,51.5
FGCU,1.03,11.7,18.19,3.4,.524,8.50,69.52,44.390,9,15.7,69.52,10.9,1,24.44,9.88,34.31,71.1,0,70.4,6.0,22.0,35.51,35.4,7.8,-1.0,10.38,11.3,43.8
Rutgers,1.03,11.8,20.44,5.2,.435,12.22,65.77,40.768,11,19.8,65.77,13.0,-2,24.88,12.25,37.12,66.5,-1,65.4,7.7,19.1,28.69,32.7,5.5,3.5,14.91,11.4,46.9
Southeast Mo. St.,1.03,12.4,23.65,2.5,.465,9.52,69.92,46.278,8,16.5,69.92,11.5,-4,22.74,9.00,31.74,73.5,-6,67.0,5.7,20.4,30.43,30.7,6.2,.7,12.65,12.0,29.0
FIU,1.03,14.1,28.85,4.1,.507,10.67,66.96,47.495,17,17.2,66.96,11.5,-7,21.21,10.42,31.64,76.5,-2,73.6,10.2,25.5,33.81,39.5,8.6,3.6,17.27,13.7,33.3
Army West Point,1.03,12.5,20.06,3.9,.477,5.94,58.80,42.874,9,14.0,58.80,8.2,0,24.38,9.62,34.00,64.3,-4,60.3,5.8,24.6,31.98,32.5,7.9,-1.3,10.88,12.2,31.2
Omaha,1.03,10.2,16.61,2.2,.506,11.33,74.25,44.842,6,22.2,74.25,16.5,0,25.12,8.55,33.67,72.8,1,74.0,6.1,19.1,32.65,35.5,6.2,1.4,11.30,9.9,45.5
UC Santa Barbara,1.03,13.5,14.55,3.2,.546,10.29,73.56,45.323,11,21.8,73.56,16.1,2,26.74,8.13,34.87,73.5,1,75.4,4.9,16.7,36.03,32.7,6.0,-3.1,10.00,13.1,51.6
West Virginia,1.03,13.0,16.22,3.6,.495,7.88,70.54,44.591,9,20.7,70.54,14.6,-2,24.59,9.16,33.75,76.8,-7,69.8,4.3,20.8,34.93,35.0,7.3,-2.3,10.38,12.7,28.1
Ball St.,1.03,12.4,10.45,3.1,.513,8.55,76.69,44.536,8,21.5,76.69,16.5,1,25.42,9.48,34.90,71.0,2,73.5,5.5,20.7,36.19,34.2,7.5,-0.2,11.90,12.1,48.4
UCLA,1.03,11.2,14.27,3.3,.469,6.21,72.98,42.416,12,19.5,72.98,14.2,1,23.52,10.27,33.79,65.5,0,66.0,5.8,16.7,33.15,33.3,5.5,.9,11.76,10.8,48.5
Tennessee Tech,1.03,12.2,15.35,2.9,.508,8.90,71.07,45.903,4,16.8,71.07,12.0,-5,24.71,6.16,30.87,73.8,-6,67.4,5.0,19.6,33.22,35.2,6.5,-1.5,10.42,11.9,32.3
Longwood,1.03,12.9,27.00,2.6,.505,9.47,68.15,43.591,9,23.2,68.15,15.8,9,25.29,13.68,38.97,67.9,7,75.6,7.1,17.0,34.32,34.3,5.8,1.3,13.79,12.5,61.8
Radford,1.03,11.1,14.79,3.5,.519,6.27,73.93,43.422,11,16.3,73.93,12.0,0,24.36,10.27,34.64,71.5,0,72.0,5.5,19.8,36.34,31.6,7.2,-0.3,10.48,10.8,48.5
Hampton,1.02,12.8,25.09,3.7,.484,9.94,71.40,43.653,9,17.9,71.40,12.8,0,25.73,11.27,37.00,76.4,-4,71.8,5.8,23.0,31.75,32.0,7.3,-1.6,10.88,12.5,27.3
UT Arlington,1.02,15.8,24.09,3.8,.521,11.62,73.49,42.223,22,22.0,73.49,16.1,3,25.62,11.88,37.50,73.3,3,76.9,7.1,25.3,35.42,34.7,9.0,-1.8,13.68,15.5,58.8
ULM,1.02,12.7,25.77,2.2,.463,10.90,66.47,43.481,14,22.2,66.47,14.7,2,24.57,13.20,37.77,74.4,-4,69.9,7.3,17.1,29.63,35.2,5.1,-0.2,12.27,12.5,36.7
Louisiana Tech,1.02,12.6,18.78,5.0,.520,10.22,70.05,39.083,10,23.1,70.05,16.2,6,27.12,11.75,38.88,64.5,10,74.8,7.5,19.8,36.18,33.3,7.2,.2,12.69,12.4,68.8
Rhode Island,1.01,12.8,21.62,3.1,.517,9.06,64.66,45.247,8,22.3,64.66,14.4,2,26.44,10.38,36.81,76.3,-3,72.6,4.7,18.7,34.89,35.7,6.5,-3.6,9.03,12.6,37.5
Grand Canyon,1.01,12.4,18.15,5.3,.528,10.85,75.30,40.482,16,25.2,75.30,18.9,5,26.33,11.85,38.18,66.9,12,79.8,8.2,20.9,34.44,32.4,7.2,1.7,13.94,12.3,87.9
Marist,1.01,12.3,20.48,2.8,.508,6.52,69.67,41.029,7,15.7,69.67,11.0,-1,24.97,7.16,32.13,62.2,2,64.6,6.8,19.2,35.57,31.8,6.8,1.3,13.45,12.2,58.1
Southern Utah,1.01,12.1,13.35,3.0,.493,6.65,72.85,47.730,12,21.7,72.85,15.8,-3,23.45,10.39,33.84,77.6,-2,75.0,6.5,20.9,30.05,34.1,6.3,.5,12.52,12.0,32.3
Missouri St.,1.01,12.1,17.33,4.5,.497,7.76,71.05,41.558,4,18.4,71.05,13.1,4,28.97,10.15,39.12,71.3,0,71.2,4.3,21.5,31.36,33.0,6.8,-2.9,9.12,12.0,51.5
Norfolk St.,1.00,12.3,29.82,3.2,.512,12.67,72.32,41.052,6,22.9,72.32,16.5,1,23.27,11.00,34.27,67.6,6,74.3,8.8,18.7,33.66,33.6,6.3,3.3,15.61,12.3,66.7
Holy Cross,1.00,11.1,16.45,3.3,.506,4.09,66.18,45.682,3,14.4,66.18,9.5,-2,24.42,8.27,32.70,74.6,-8,66.5,4.0,21.3,35.37,38.3,7.5,-2.6,8.42,11.0,30.3
Alcorn,1.00,11.6,20.94,1.8,.487,11.09,71.24,46.260,10,21.8,71.24,15.6,1,22.69,11.25,33.94,77.4,-5,71.9,6.9,15.4,33.74,37.6,5.2,.2,11.81,11.6,43.8
Georgetown,1.00,12.2,15.34,3.1,.486,7.69,71.41,48.941,15,19.8,71.41,14.1,0,21.88,12.19,34.06,77.9,-7,70.8,5.7,23.9,34.60,35.3,8.3,-1.1,11.12,12.2,28.1
UMBC,1.00,13.0,24.19,3.9,.528,11.03,69.84,44.486,10,15.8,69.84,11.0,-2,27.34,9.50,36.84,80.7,-2,78.7,5.1,22.3,35.71,31.5,8.0,-1.7,11.38,13.1,34.4
George Washington,.99,12.3,19.56,4.8,.518,7.88,74.62,43.092,11,20.4,74.62,15.2,0,27.72,9.16,36.88,77.2,0,76.8,5.9,24.9,36.06,34.8,9.0,-2.3,10.09,12.4,46.9
Troy,.99,13.7,29.50,3.3,.511,14.66,73.31,42.810,14,23.5,73.31,17.2,4,25.09,13.34,38.44,70.7,8,79.6,10.3,24.6,35.07,35.0,8.6,1.7,15.50,13.8,62.5
Abilene Christian,.99,12.7,18.44,2.1,.479,9.59,72.66,46.178,16,22.3,72.66,16.2,-3,23.82,9.68,33.50,73.5,-1,72.1,7.7,15.6,33.96,32.5,5.3,1.8,14.56,12.8,47.1
Fresno St.,.99,12.5,19.52,2.5,.516,9.88,68.47,46.158,11,16.8,68.47,11.5,-3,23.73,7.88,31.61,73.9,-6,67.7,6.2,20.9,33.19,37.3,6.9,-2.1,10.52,12.6,36.4
North Texas,.99,11.0,21.18,3.0,.511,8.06,73.52,41.228,10,16.9,73.52,12.5,2,23.33,11.39,34.73,63.5,6,69.5,7.1,22.1,37.91,32.7,8.4,1.2,12.33,11.2,57.6
San Diego,.99,13.1,25.58,3.8,.488,14.03,72.83,45.595,13,19.2,72.83,14.0,-3,24.15,10.03,34.18,77.3,-4,72.5,7.2,20.5,34.42,33.6,7.1,.1,13.30,13.2,54.5
Wichita St.,.99,12.1,21.21,4.2,.500,8.06,69.75,42.098,7,16.2,69.75,11.3,3,27.74,11.65,39.38,73.1,0,72.8,6.3,19.4,33.33,32.6,6.5,-2.1,10.24,12.3,44.1
Bucknell,.99,12.1,14.36,3.4,.504,3.67,71.60,42.654,14,15.6,71.60,11.2,-1,24.15,8.36,32.52,67.2,-1,65.2,6.1,24.1,33.84,32.4,8.2,-1.6,10.70,12.3,42.4
Fordham,.98,12.7,24.30,4.7,.467,10.52,66.19,44.847,10,21.2,66.19,14.1,1,24.09,13.03,37.12,72.4,-1,70.5,8.0,25.5,31.51,35.7,8.0,1.0,13.91,12.9,39.4
CSUN,.98,13.9,14.79,3.4,.495,14.88,66.84,40.501,32,22.3,66.84,14.9,5,28.24,11.82,40.06,73.6,1,75.0,7.4,15.8,30.73,32.4,4.9,-0.8,13.38,14.1,55.9
New Hampshire,.98,11.8,13.97,2.1,.485,12.00,74.51,43.679,5,18.2,74.51,13.6,-1,28.23,9.19,37.42,74.1,0,74.1,7.3,27.4,32.43,29.8,8.9,.3,12.26,12.0,51.6
Arkansas,.98,11.7,30.03,6.1,.505,12.24,75.55,44.581,19,26.0,75.55,19.7,-1,26.00,8.52,34.52,79.8,-2,77.8,6.0,18.9,31.84,33.9,6.0,-0.9,11.06,12.0,48.5
Hawaii,.98,12.2,19.53,2.6,.530,7.41,71.81,44.444,7,20.8,71.81,14.9,2,25.53,8.44,33.97,68.7,3,72.3,4.6,22.8,34.15,31.0,7.8,-1.5,10.91,12.4,58.8
Seton Hall,.98,12.5,11.48,4.7,.497,9.00,77.46,42.379,5,18.8,77.46,14.6,4,25.09,12.30,37.39,70.2,2,72.8,7.6,18.2,32.55,33.5,5.9,-0.6,12.18,12.8,63.6
Bowling Green,.98,11.3,12.79,2.8,.484,9.21,71.51,44.329,8,21.5,71.51,15.4,3,26.65,11.35,38.00,71.0,2,73.6,6.5,21.5,29.59,36.3,6.4,.4,11.91,11.5,58.8
Sam Houston,.98,12.9,22.94,2.3,.488,12.06,72.40,42.642,9,20.1,72.40,14.5,3,26.12,11.91,38.03,69.2,3,72.2,6.8,21.1,35.15,31.7,7.4,.3,13.48,13.2,63.6
Western Mich.,.98,13.1,24.31,2.7,.499,9.66,62.52,44.404,10,18.6,62.52,11.6,2,25.31,12.56,37.88,74.9,-3,71.3,5.3,23.3,33.87,34.1,7.9,-2.4,11.00,13.4,37.5
Robert Morris,.97,13.5,17.22,2.9,.503,7.53,71.67,46.113,16,16.9,71.67,12.1,2,24.00,12.22,36.22,75.8,-3,72.7,4.9,25.4,33.62,33.9,8.5,-3.0,10.88,13.8,31.2
Tulsa,.97,12.6,17.97,3.4,.506,14.52,73.64,42.735,8,23.1,73.64,17.0,-2,26.48,8.71,35.19,73.9,1,75.0,7.8,23.6,32.69,32.3,7.7,-0.0,12.97,13.0,51.6
UAlbany,.97,12.8,19.47,3.2,.507,13.62,72.56,46.656,19,18.6,72.56,13.5,0,24.66,11.38,36.03,78.8,0,78.7,8.3,23.7,33.03,29.0,7.8,-0.3,12.97,13.3,40.6
Western Ky.,.97,13.2,28.94,3.2,.522,13.70,71.86,41.253,12,21.0,71.86,15.1,3,29.30,10.52,39.82,74.1,6,80.6,7.7,20.1,33.99,31.6,6.8,.5,14.24,13.7,66.7
Michigan,.97,12.5,13.88,3.6,.512,5.56,70.28,46.579,14,18.7,70.28,13.2,0,24.81,10.62,35.44,79.0,-6,72.9,4.2,22.2,35.92,36.1,8.0,-3.4,9.56,12.9,25.0
George Mason,.97,11.4,16.66,3.4,.523,7.50,74.25,40.369,11,19.9,74.25,14.8,4,25.91,10.09,36.00,65.9,5,71.0,5.5,19.9,34.22,34.7,6.8,-1.1,10.72,11.8,62.5
Western Ill.,.97,12.8,18.55,5.6,.477,9.27,61.51,40.585,2,20.9,61.51,12.9,8,27.73,14.61,42.33,65.7,3,68.8,5.2,18.5,31.91,29.7,5.9,-3.1,10.12,13.2,63.6
Dartmouth,.97,12.3,20.93,3.5,.477,5.04,68.96,45.391,5,15.6,68.96,10.8,-1,25.85,7.41,33.26,71.9,-10,61.9,4.4,23.2,30.51,36.4,7.1,-3.4,9.33,12.7,22.2
Southern U.,.96,13.8,26.16,3.3,.502,8.78,67.38,43.496,18,20.4,67.38,13.8,-1,22.12,9.75,31.88,68.7,2,71.1,9.1,21.4,32.31,31.8,6.9,2.2,16.50,14.2,56.2
New Orleans,.96,11.8,21.06,3.6,.462,12.09,72.02,46.920,11,23.4,72.02,16.8,-5,23.09,11.42,34.52,79.5,-5,73.5,7.7,17.8,30.39,33.9,5.4,2.3,14.64,12.3,30.3
Alabama St.,.96,10.8,24.41,3.8,.423,14.88,72.30,41.176,10,18.5,72.30,13.4,0,25.38,14.16,39.53,69.4,0,68.6,8.7,24.8,28.12,33.7,7.0,3.3,14.62,11.3,40.6
UMass Lowell,.96,12.7,22.03,4.9,.523,10.25,73.59,41.411,14,23.3,73.59,17.2,7,29.31,11.47,40.78,70.7,9,80.0,6.9,17.7,32.86,28.7,5.8,-1.5,11.81,13.3,68.8
South Dakota,.95,12.2,19.44,1.8,.522,7.19,74.27,45.080,12,18.2,74.27,13.5,3,27.00,10.44,37.44,79.2,-3,76.1,3.6,20.9,37.52,35.9,7.8,-4.1,8.78,12.8,37.5
California Baptist,.95,11.3,13.73,2.6,.470,5.97,68.29,43.989,12,21.2,68.29,14.5,5,25.58,12.03,37.61,66.6,0,67.3,4.0,20.4,32.64,33.7,6.7,-1.7,10.18,11.9,48.5
Central Mich.,.95,11.4,17.59,3.7,.473,8.22,65.97,40.919,11,16.4,65.97,10.8,-1,25.72,10.59,36.31,70.1,-3,66.5,6.0,20.6,30.30,31.3,6.2,-0.8,11.22,12.0,56.2
Old Dominion,.95,10.3,20.50,3.8,.476,12.16,66.24,43.582,7,17.2,66.24,11.4,-5,25.44,10.00,35.44,77.0,-6,70.9,7.8,21.7,31.84,35.3,6.9,2.1,12.97,10.9,21.9
NJIT,.95,10.5,18.50,3.3,.454,6.96,70.89,45.995,12,18.9,70.89,13.4,-3,23.25,11.46,34.71,75.0,-7,67.9,7.2,23.8,30.18,34.9,7.2,.7,11.82,11.1,25.0
Kansas St.,.94,14.0,16.94,4.1,.502,9.94,71.97,41.054,6,21.6,71.97,15.6,2,26.38,11.12,37.50,71.1,1,72.2,5.9,23.2,31.77,31.2,7.4,-3.6,11.24,14.8,55.9
South Alabama,.94,10.7,20.38,2.8,.506,10.69,74.96,44.867,9,19.1,74.96,14.3,-5,25.09,7.94,33.03,75.7,-1,74.0,6.8,21.6,34.54,31.7,7.5,.8,12.12,11.3,50.0
Prairie View,.94,12.0,18.19,2.8,.461,12.06,72.15,47.307,23,21.8,72.15,15.7,-6,20.94,9.77,30.71,76.4,-6,70.2,9.1,15.8,30.47,34.8,4.8,3.9,16.65,12.8,32.3
Coastal Carolina,.94,12.7,19.52,3.1,.498,8.84,66.40,42.064,8,19.9,66.40,13.2,2,28.94,11.39,40.32,78.5,-4,73.5,5.7,20.2,32.11,32.9,6.5,-4.1,9.45,13.5,29.0
Loyola Maryland,.94,12.8,16.62,2.2,.482,5.22,64.37,46.555,10,16.8,64.37,10.8,1,24.03,10.25,34.28,71.9,-7,64.0,5.9,21.4,33.58,35.8,7.2,-3.3,10.34,13.6,21.9
New Mexico St.,.94,11.2,21.22,3.1,.480,8.41,67.75,42.053,29,19.3,67.75,13.1,-1,24.78,8.94,33.72,72.4,-4,67.7,6.1,19.6,32.91,34.1,6.4,-0.3,11.66,11.9,40.6
Merrimack,.94,12.4,15.09,3.7,.505,12.67,72.90,41.751,12,18.8,72.90,13.7,-6,23.45,7.88,31.33,65.4,3,69.2,9.8,23.6,30.94,31.4,7.3,3.0,16.24,13.2,63.6
Florida A&M,.94,14.3,21.00,2.8,.484,10.38,70.04,44.861,16,16.0,70.04,11.2,-1,24.97,9.59,34.55,77.2,-10,67.2,6.0,17.1,34.34,36.1,5.9,-3.7,11.52,15.2,20.7
The Citadel,.93,11.2,10.06,2.6,.515,9.28,70.60,45.793,6,18.8,70.60,13.3,1,24.81,9.38,34.19,71.5,0,70.6,5.6,18.8,32.83,35.1,6.2,-1.0,11.06,12.0,34.4
Maryland,.93,10.9,12.39,4.5,.467,9.18,71.99,41.808,15,22.9,71.99,16.5,0,24.21,11.52,35.73,65.9,3,69.0,6.6,21.1,28.88,32.8,6.1,.9,12.61,11.7,48.5
Canisius,.93,12.5,15.91,3.5,.501,7.19,62.48,45.165,7,16.9,62.48,10.6,3,24.91,12.00,36.91,72.1,-1,70.4,6.0,21.6,33.62,33.9,7.2,-2.2,11.28,13.5,43.8
UC Davis,.93,12.5,14.00,3.5,.506,11.61,74.82,43.095,11,21.2,74.82,15.8,0,23.48,9.91,33.39,68.1,3,71.2,7.8,20.7,33.63,31.9,7.0,1.1,14.58,13.5,60.6
Texas Southern,.93,11.6,23.79,3.8,.476,11.24,72.36,42.455,16,18.1,72.36,13.1,-1,24.24,11.06,35.30,71.1,0,70.2,6.9,23.2,31.59,32.3,7.3,.1,12.67,12.6,48.5
Towson,.92,11.2,22.00,4.2,.479,5.41,66.07,42.008,12,19.8,66.07,13.1,8,24.88,14.44,39.32,63.6,3,67.5,6.2,19.4,32.78,32.8,6.4,-1.1,11.03,12.1,58.8
Buffalo,.92,13.4,13.52,4.5,.477,8.65,71.63,47.404,6,16.3,71.63,11.6,-1,24.48,10.42,34.90,79.7,-11,68.0,6.1,24.1,27.75,36.3,6.7,-3.8,10.68,14.5,12.9
UTRGV,.92,12.9,17.52,3.0,.463,12.61,70.47,46.891,18,23.5,70.47,16.5,-6,24.10,9.35,33.45,79.8,-9,70.4,8.1,17.6,29.25,34.6,5.2,.5,14.45,14.0,19.4
ETSU,.92,11.4,13.91,4.7,.470,9.69,68.22,43.294,22,20.9,68.22,14.2,2,24.69,13.89,38.57,69.6,1,71.5,7.7,25.0,31.05,32.7,7.8,1.0,13.37,12.4,54.3
Wyoming,.92,11.7,13.50,2.5,.519,5.84,74.05,45.350,16,21.4,74.05,15.9,1,24.88,9.59,34.47,74.5,-1,72.8,5.2,20.2,37.19,34.2,7.5,-1.5,11.25,12.8,46.9
Winthrop,.92,11.9,25.41,2.8,.531,7.88,70.21,42.114,18,26.8,70.21,18.8,1,24.78,10.66,35.44,71.5,5,77.3,6.3,21.8,34.15,31.6,7.4,.3,13.31,13.0,53.1
Southern Miss.,.91,11.8,14.69,4.8,.479,9.69,69.99,43.092,19,21.7,69.99,15.2,0,26.06,10.72,36.78,71.0,-1,69.9,7.2,19.2,32.74,34.1,6.3,-0.6,12.25,12.8,50.0
Mount St. Mary's,.91,13.2,25.03,3.9,.532,9.28,72.47,43.333,11,15.4,72.47,11.2,2,25.41,9.75,35.16,71.8,0,72.7,6.9,19.2,35.28,34.6,6.8,-1.9,12.59,14.5,40.6
Tennessee St.,.91,12.0,23.09,3.5,.500,13.55,75.55,42.178,15,20.8,75.55,15.7,0,24.76,9.91,34.67,71.0,1,72.7,6.7,20.2,32.53,32.9,6.6,.2,13.42,13.2,54.5
UCF,.91,11.4,22.36,5.0,.478,12.21,70.12,41.167,19,21.9,70.12,15.4,3,25.30,12.36,37.67,67.9,3,71.7,8.7,21.2,32.23,34.0,6.8,1.7,14.21,12.5,51.5
DePaul,.90,12.2,17.53,3.1,.481,6.12,73.34,48.717,8,17.9,73.34,13.2,-6,22.44,7.28,29.72,81.8,-17,64.7,5.2,18.7,33.50,38.1,6.2,-3.7,9.94,13.6,9.4
Vanderbilt,.90,9.4,18.12,2.9,.454,7.03,70.91,45.614,3,20.6,70.91,14.6,-2,23.69,10.75,34.44,75.9,-7,67.9,6.1,23.1,28.32,37.4,6.5,.4,10.84,10.4,28.1
Oregon St.,.90,11.1,14.97,3.7,.499,6.97,73.65,44.541,6,19.7,73.65,14.5,-1,23.94,8.59,32.53,72.7,-3,68.9,6.0,18.7,32.83,33.0,6.1,-0.8,11.59,12.3,40.6
Jackson St.,.90,12.0,16.91,3.5,.470,10.91,70.36,45.596,14,20.9,70.36,14.7,1,23.25,13.03,36.28,75.6,-4,71.2,7.5,20.3,32.46,35.2,6.6,-0.0,13.34,13.4,46.9
Sacramento St.,.90,13.1,22.88,2.7,.500,5.59,71.57,46.332,7,17.6,71.57,12.6,6,23.82,11.74,35.56,70.4,-3,67.1,5.2,22.9,33.08,34.9,7.6,-4.3,10.29,14.6,29.4
Howard,.90,13.9,15.80,2.8,.522,9.03,75.09,44.865,24,23.1,75.09,17.3,3,24.63,11.29,35.91,74.3,0,74.9,6.1,21.6,37.12,34.0,8.0,-3.2,12.23,15.5,51.4
LSU,.89,11.8,26.15,3.8,.522,10.82,72.33,42.807,4,22.1,72.33,16.0,0,25.21,10.45,35.67,75.0,1,76.4,8.0,21.7,35.70,33.5,7.8,-0.2,12.91,13.2,51.5
South Carolina St.,.89,13.6,35.78,3.5,.462,7.59,68.93,45.259,9,21.6,68.93,14.9,4,22.69,14.91,37.59,74.7,-4,70.2,8.3,19.4,32.26,34.0,6.2,.0,15.22,15.2,43.8
Saint Francis (PA),.89,12.2,21.17,3.6,.481,5.67,60.98,45.638,6,18.4,60.98,11.2,0,22.70,11.90,34.60,72.7,-7,65.2,5.9,19.2,33.51,34.7,6.4,-1.9,11.87,13.7,26.7
Eastern Mich.,.89,10.4,16.48,2.5,.478,5.74,66.74,45.080,14,14.6,66.74,9.8,-1,24.13,10.35,34.48,72.6,-6,66.0,5.8,18.9,30.43,31.6,5.7,-1.0,10.68,11.6,41.9
Texas St.,.88,11.8,22.77,3.4,.484,10.94,69.61,43.654,9,21.3,69.61,14.9,1,24.43,11.09,35.51,70.1,0,69.9,7.4,13.9,32.58,32.0,4.5,-0.5,12.94,13.4,48.6
UTEP,.88,12.9,23.59,2.9,.497,15.88,68.97,45.136,12,23.8,68.97,16.4,-1,22.44,10.62,33.06,69.1,3,72.6,11.4,17.9,31.86,31.9,5.7,4.0,18.71,14.7,52.9
Louisville,.87,11.1,18.25,2.6,.484,5.22,74.58,47.302,16,22.2,74.58,16.6,0,24.44,9.94,34.38,79.1,-7,72.0,5.4,17.8,30.65,37.2,5.5,-1.4,11.44,12.8,25.0
Northwestern St.,.87,11.5,22.69,3.3,.486,10.25,65.91,45.161,12,20.7,65.91,13.7,-3,23.19,11.41,34.59,75.9,-5,70.5,7.0,20.1,31.73,32.2,6.4,.1,13.41,13.3,28.1
Bethune-Cookman,.86,12.2,16.97,3.4,.480,14.91,75.55,42.826,18,22.1,75.55,16.7,-1,23.15,10.52,33.67,72.2,0,72.5,10.4,18.4,31.91,33.8,5.9,2.5,16.58,14.1,51.5
CSU Bakersfield,.86,10.5,24.25,3.6,.474,9.34,72.26,43.104,13,18.8,72.26,13.6,1,22.72,11.94,34.66,69.2,0,68.7,6.9,14.9,31.51,34.0,4.7,1.0,13.19,12.2,40.6
Morgan St.,.86,12.5,20.23,3.6,.491,8.90,75.76,44.479,14,18.1,75.76,13.7,-1,24.55,10.90,35.45,77.5,-4,72.7,6.2,16.3,29.31,34.3,4.8,-1.6,12.94,14.5,35.5
LIU,.86,12.5,16.45,3.0,.464,8.03,67.67,45.476,31,18.3,67.67,12.4,-2,25.59,9.38,34.97,76.8,-10,66.5,6.4,17.4,31.03,31.1,5.4,-3.2,11.38,14.6,24.1
Nicholls,.86,11.4,19.06,4.1,.519,9.97,72.50,43.407,15,21.5,72.50,15.6,-1,25.71,9.56,35.26,73.9,0,73.9,6.7,22.9,36.50,31.5,8.4,-1.8,11.44,13.2,58.8
Saint Peter's,.85,10.8,19.38,4.2,.450,9.44,71.33,41.388,9,21.7,71.33,15.5,2,23.03,12.59,35.62,63.4,1,65.3,7.2,17.7,33.22,32.2,5.9,.8,13.56,12.8,59.4
Charleston So.,.84,10.2,11.90,3.0,.474,6.10,73.58,45.070,7,17.7,73.58,13.0,0,25.50,10.03,35.53,73.7,-6,67.6,3.8,21.0,33.07,31.1,6.9,-2.7,9.50,12.2,33.3
Chicago St.,.82,11.1,12.63,3.3,.477,13.87,70.78,45.747,14,21.3,70.78,15.1,-1,21.47,12.20,33.67,70.2,-1,69.1,8.7,19.8,31.60,31.5,6.3,1.2,14.73,13.5,40.0
Jacksonville,.82,10.8,21.03,3.0,.491,9.00,70.49,43.767,17,20.8,70.49,14.7,4,24.15,12.48,36.64,72.4,0,71.8,7.7,19.7,32.92,34.6,6.5,-0.4,12.64,13.1,48.5
Delaware St.,.82,12.1,17.06,1.9,.474,13.48,70.44,43.413,11,22.8,70.44,16.0,2,23.03,11.52,34.55,70.8,0,70.8,8.4,14.7,32.16,36.2,4.7,.9,15.67,14.7,45.5
Jacksonville St.,.82,11.1,24.22,3.9,.499,7.53,70.20,43.343,11,20.7,70.20,14.5,6,25.25,11.56,36.81,66.4,3,70.0,6.8,15.8,33.53,33.8,5.3,-1.0,12.53,13.5,43.8
Ga. Southern,.81,10.7,25.24,4.0,.508,7.45,73.16,45.557,23,17.3,73.16,12.6,-3,23.73,10.52,34.24,79.2,-5,73.3,6.9,26.6,35.19,35.5,9.4,-1.1,12.15,13.2,27.3
Notre Dame,.81,10.2,16.15,2.4,.476,5.33,74.41,42.199,3,15.4,74.41,11.5,1,26.09,9.82,35.91,67.2,-3,64.0,5.7,23.9,31.77,32.5,7.6,-2.6,9.94,12.5,39.4
Detroit Mercy,.81,10.8,11.78,2.4,.473,8.25,73.49,49.042,17,17.1,73.49,12.6,-7,20.59,8.94,29.53,80.2,-14,66.0,6.9,20.8,28.08,37.1,5.8,-1.5,11.88,13.3,3.1
NIU,.80,10.2,12.55,4.9,.507,9.68,67.17,44.942,19,21.2,67.17,14.3,0,25.52,10.32,35.84,77.4,-4,73.2,5.3,22.5,32.61,36.3,7.3,-1.8,10.90,12.7,35.5
SFA,.80,12.8,29.24,2.8,.503,11.67,70.60,42.355,13,24.1,70.60,17.0,3,23.97,11.91,35.88,71.3,3,74.6,8.9,18.4,33.44,37.1,6.2,1.0,17.06,16.1,54.5
UMES,.78,10.8,21.38,2.8,.452,9.83,71.48,43.758,8,18.6,71.48,13.3,-2,24.10,10.86,34.97,70.6,-5,65.2,7.0,19.7,29.47,32.8,5.8,-0.1,13.62,13.8,31.0
Cal Poly,.78,9.8,15.88,3.7,.460,6.00,70.47,45.951,17,17.8,70.47,12.5,-7,22.41,8.84,31.25,74.1,-10,63.7,5.4,18.7,33.11,35.2,6.2,-0.8,11.88,12.7,12.5
UIW,.76,12.2,24.13,4.1,.494,10.74,72.67,44.949,8,20.8,72.67,15.1,1,25.81,10.74,36.55,78.6,-6,72.3,6.0,23.0,33.15,35.7,7.6,-4.8,11.16,16.0,25.8
Houston Christian,.74,11.4,13.97,2.8,.475,7.59,64.41,47.415,11,21.9,64.41,14.1,-1,25.17,11.93,37.10,83.4,-11,71.5,5.6,16.8,30.12,34.0,5.1,-5.0,10.34,15.3,20.7
Grambling,.73,9.8,22.06,3.1,.490,10.51,70.81,43.520,9,21.1,70.81,15.0,0,22.69,9.74,32.43,69.4,-1,68.2,7.4,15.3,34.02,34.3,5.2,-0.5,12.89,13.3,60.0
Cal St. Fullerton,.72,8.9,23.62,3.1,.491,9.84,70.80,43.184,7,21.4,70.80,15.2,-2,24.34,8.41,32.75,69.1,-1,67.9,6.7,19.6,33.01,31.7,6.5,.3,12.56,12.3,43.8
Middle Tenn.,.71,10.0,14.70,4.2,.467,7.09,70.36,43.907,13,19.1,70.36,13.5,-1,24.33,10.42,34.76,70.3,-4,65.7,5.3,23.5,31.14,32.9,7.3,-2.9,11.12,14.0,42.4
IUPUI,.71,10.4,23.25,2.1,.469,9.75,73.56,50.711,8,19.0,73.56,14.0,-3,19.62,9.88,29.50,79.8,-13,65.9,7.6,13.9,24.77,37.7,3.4,-1.1,13.50,14.6,18.8
Siena,.68,10.7,14.19,4.1,.447,4.69,66.73,45.786,5,16.9,66.73,11.3,1,23.66,11.72,35.38,74.4,-14,60.4,5.1,18.8,28.03,35.2,5.3,-5.8,9.94,15.8,12.5
VMI,.66,10.5,20.41,2.6,.477,9.78,69.25,46.319,15,16.2,69.25,11.2,-2,27.22,9.34,36.56,82.6,-13,68.9,5.6,21.0,31.20,35.7,6.6,-4.1,11.72,15.8,12.5
Alabama A&M,.64,10.4,30.35,3.9,.458,12.97,71.99,42.438,12,26.1,71.99,18.8,0,24.47,11.32,35.79,75.6,-6,69.1,7.6,14.6,28.17,35.0,4.1,-1.9,14.26,16.2,35.3
Mississippi Val.,.55,8.7,12.06,2.3,.425,7.03,65.79,48.802,11,17.2,65.79,11.3,-6,19.77,9.61,29.39,77.7,-22,55.5,6.6,15.8,29.24,37.0,4.6,-4.5,11.42,16.0,3.2
Coppin St.,.53,8.3,21.79,2.8,.421,8.86,72.60,44.823,11,16.9,72.60,12.2,-9,20.34,9.76,30.10,72.8,-14,57.9,7.7,18.6,28.33,34.5,5.3,-0.8,14.86,15.7,6.9
